Quantization Error,Topographic Error,Silhouette Score,Davies-Bouldin Index,Calinski-Harabasz Index
6.343547970310888,0.030303030303030304,0.39327163332509696,0.7839576325939801,96.1877140571681
