Quantization Error,Topographic Error,Silhouette Score,Davies-Bouldin Index,Calinski-Harabasz Index
6.281802969652604,0.0404040404040404,0.38705066521768006,0.8005267827893331,92.67769068400892
