Quantization Error,Topographic Error,Silhouette Score,Davies-Bouldin Index,Calinski-Harabasz Index
6.229172188658621,0.050505050505050504,0.38511679671581606,0.8042301913194018,90.22303448058503
