Quantization Error,Topographic Error,Silhouette Score,Davies-Bouldin Index,Calinski-Harabasz Index
6.3212927111870885,0.020202020202020204,0.3686757809982167,0.841101559950735,86.73530435969627
