Quantization Error,Topographic Error,Silhouette Score,Davies-Bouldin Index,Calinski-Harabasz Index
1.7705363824173013,0.26099397590361445,0.4153750751925999,0.7685110235488252,1370.3432371480883
