Quantization Error,Topographic Error,Silhouette Score,Davies-Bouldin Index,Calinski-Harabasz Index
1.7957418191977936,0.2838855421686747,0.4184839961956781,0.7625735468900432,1403.1664109934516
