Quantization Error,Topographic Error,Silhouette Score,Davies-Bouldin Index,Calinski-Harabasz Index
1.7856984142351127,0.276355421686747,0.41389956176841747,0.7735758730764806,1344.4017287927106
