Quantization Error,Topographic Error,Silhouette Score,Davies-Bouldin Index,Calinski-Harabasz Index
1.7468709290553617,0.23268072289156627,0.4173834620305347,0.7563613870011834,1385.5224266426483
