Quantization Error,Topographic Error,Silhouette Score,Davies-Bouldin Index,Calinski-Harabasz Index
1.7879243422181246,0.2628012048192771,0.42487529438985805,0.7571912005741329,1413.932934335043
