Quantization Error,Topographic Error,Silhouette Score,Davies-Bouldin Index,Calinski-Harabasz Index
6.214404144986181,0.050505050505050504,0.38501208021128946,0.7961161502686246,91.30392019531907
