Quantization Error,Topographic Error,Silhouette Score,Davies-Bouldin Index,Calinski-Harabasz Index
6.3005978331202375,0.050505050505050504,0.4031770348379813,0.7772283798139232,98.93848032727614
