Quantization Error,Topographic Error,Silhouette Score,Davies-Bouldin Index,Calinski-Harabasz Index
1.7364464073801136,0.24924698795180722,0.40223306157851163,0.7928531102022855,1304.6926849765873
